variable_name,adf_z_stat,p_value
trade_balance,-.7706368685261189,.968069457434137
deficit_ratio,-1.11802238574719,.9259958644285738
total_trade_bn,-1.768487269052766,.7197513562895391
